link,location
https://th.bing.com/th/id/OIG1.gOwUvMet9GYOWW7b2IJw,.tmp/images/El Susurro Del Faro Maldito #terror #miedo/0.0.jpg
https://th.bing.com/th/id/OIG1.Qelh_HbMc8F6Z0nXd9Xb,.tmp/images/El Susurro Del Faro Maldito #terror #miedo/0.1.jpg
https://th.bing.com/th/id/OIG3.9vsb7kKCydLaZnZMAoAr,.tmp/images/El Susurro Del Faro Maldito #terror #miedo/1.0.jpg
https://th.bing.com/th/id/OIG3.PQDwRL8hdiB.GoTKyA7_,.tmp/images/El Susurro Del Faro Maldito #terror #miedo/1.1.jpg
https://th.bing.com/th/id/OIG1.lEKqF3ZUjmncs6bkiyyE,.tmp/images/El Susurro Del Faro Maldito #terror #miedo/2.0.jpg
https://th.bing.com/th/id/OIG1.LRk9fKaNp8O0gt7yZ2G2,.tmp/images/El Susurro Del Faro Maldito #terror #miedo/2.1.jpg
https://th.bing.com/th/id/OIG2._vJZ0vc0o.ZjyfKB7ybj,.tmp/images/El Susurro Del Faro Maldito #terror #miedo/3.0.jpg
https://th.bing.com/th/id/OIG2.DOawAUIhy82qchwugiTh,.tmp/images/El Susurro Del Faro Maldito #terror #miedo/3.1.jpg
https://th.bing.com/th/id/OIG2.DmHuppguVl9iofmqkMHz,.tmp/images/El Susurro Del Faro Maldito #terror #miedo/4.0.jpg
https://th.bing.com/th/id/OIG2._h7_J83yo2aEvH6oVqhM,.tmp/images/El Susurro Del Faro Maldito #terror #miedo/4.1.jpg
https://th.bing.com/th/id/OIG3.bKCgEsVPPoOVJb7T0Ln5,.tmp/images/El Susurro Del Faro Maldito #terror #miedo/5.0.jpg
https://th.bing.com/th/id/OIG3.f1u_FTBUezNH57VeyO74,.tmp/images/El Susurro Del Faro Maldito #terror #miedo/5.1.jpg
https://th.bing.com/th/id/OIG2.ZfhoYLmuQP7BazFpRVIe,.tmp/images/El Susurro Del Faro Maldito #terror #miedo/6.0.jpg
https://th.bing.com/th/id/OIG2..BUjsRd39Cf2z2FJyyAn,.tmp/images/El Susurro Del Faro Maldito #terror #miedo/6.1.jpg
https://th.bing.com/th/id/OIG2.VKEB2hyBEupopS9zbolj,.tmp/images/El Susurro Del Faro Maldito #terror #miedo/7.0.jpg
https://th.bing.com/th/id/OIG2.ca3G_E.h5njkYyJlmSuV,.tmp/images/El Susurro Del Faro Maldito #terror #miedo/7.1.jpg
https://th.bing.com/th/id/OIG3.ZD2BMKX9srQE_.Qi7RMZ,.tmp/images/El Susurro Del Faro Maldito #terror #miedo/8.0.jpg
https://th.bing.com/th/id/OIG3.SOjkRtCAnAQSTjXRTujk,.tmp/images/El Susurro Del Faro Maldito #terror #miedo/8.1.jpg
https://th.bing.com/th/id/OIG2.x8VclRYveAKKqgsc5Ts0,.tmp/images/El Susurro Del Faro Maldito #terror #miedo/9.0.jpg
https://th.bing.com/th/id/OIG2.8qhvkl46Cox.UGFukxC6,.tmp/images/El Susurro Del Faro Maldito #terror #miedo/9.1.jpg
https://th.bing.com/th/id/OIG4.eWnys2ptw.vj7CAqGrwr,.tmp/images/El Susurro Del Faro Maldito #terror #miedo/10.0.jpg
https://th.bing.com/th/id/OIG4.BAifKa.XXkELx5I_X8xj,.tmp/images/El Susurro Del Faro Maldito #terror #miedo/10.1.jpg
